{"count":1,"self":5836.1090048,"total":10052.990197699999,"children":{"InitializeActuators":{"count":16,"self":0.0026397,"total":0.0026397,"children":null},"InitializeSensors":{"count":16,"self":0.00089819999999999993,"total":0.0060659999999999993,"children":{"CreateObservableSensors":{"count":16,"self":0.0051678,"total":0.0051678,"children":null}}},"CreateObservableSensors":{"count":40,"self":0.0095479,"total":0.0095479,"children":null},"AgentSendState":{"count":1559901,"self":12.731214399999999,"total":107.24019729999999,"children":{"CollectObservations":{"count":4991696,"self":55.520224,"total":55.5202265,"children":null},"WriteActionMask":{"count":4991696,"self":1.3247233999999999,"total":1.3247233999999999,"children":null},"RequestDecision":{"count":4991696,"self":10.2914,"total":37.6640327,"children":{"AgentInfo.ToProto":{"count":4991696,"self":8.6116792,"total":27.3726326,"children":{"GenerateSensorData":{"count":4991696,"self":18.7609536,"total":18.760953399999998,"children":null}}}}}}},"DecideAction":{"count":1559901,"self":3852.7848448,"total":3852.7848681,"children":null},"AgentAct":{"count":1559901,"self":256.7728384,"total":256.82461109999997,"children":{"AgentInfo.ToProto":{"count":4655,"self":0.0090213,"total":0.0517616,"children":{"GenerateSensorData":{"count":4655,"self":0.042740299999999995,"total":0.042740299999999995,"children":null}}}}},"AgentInfo.ToProto":{"count":700,"self":0.001004,"total":0.0120816,"children":{"GenerateSensorData":{"count":700,"self":0.0110776,"total":0.0110776,"children":null}}}},"gauges":{"DobotCR16.CumulativeReward":{"count":5355,"max":1.33319962,"min":-16.6081963,"runningAverage":-0.8126589,"value":-0.6999837,"weightedAverage":-0.7788452}},"metadata":{"timer_format_version":"0.1.0","start_time_seconds":"1703583979","unity_version":"2022.3.8f1","command_line_arguments":"C:\\Program Files\\Unity\\Hub\\Editor\\2022.3.8f1\\Editor\\Unity.exe -projectpath C:\\Users\\Leonard\\Documents\\UnityProjects\\SimulatorRivetingRoboticArm -useHub -hubIPC -cloudEnvironment production","communication_protocol_version":"1.5.0","com.unity.ml-agents_version":"3.0.0-exp.1","scene_name":"Reinforcement Learning","end_time_seconds":"1703594032"}}